,Link,Updated_Date
0,https://dbdb.io/db//rdb,"Last updated June 16, 2018, 12:54 a.m."
1,https://dbdb.io/db/1010data,"Last updated June 3, 2018, 10:35 p.m."
2,https://dbdb.io/db/3store,"Last updated June 3, 2018, 10:37 p.m."
3,https://dbdb.io/db/4store,"Last updated June 3, 2018, 8:21 p.m."
4,https://dbdb.io/db/abhot,"Last updated June 3, 2018, 10:41 p.m."
5,https://dbdb.io/db/Access,"Last updated Dec. 12, 2018, 9:48 p.m."
6,https://dbdb.io/db/Accumulo,"Last updated Dec. 30, 2018, 10:02 a.m."
7,https://dbdb.io/db/AceDB,"Last updated May 28, 2018, 10:32 p.m."
8,https://dbdb.io/db/ActorDB,"Last updated Feb. 26, 2019, 7:28 p.m."
9,https://dbdb.io/db/Adabas,"Last updated May 28, 2018, 10:18 p.m."
10,https://dbdb.io/db/Aerospike,"Last updated May 28, 2018, 10:35 p.m."
11,https://dbdb.io/db/AgensGraph,"Last updated Dec. 31, 2018, 9:54 p.m."
12,https://dbdb.io/db/Akiban,"Last updated Sept. 23, 2018, 10:49 a.m."
13,https://dbdb.io/db/Akumuli,"Last updated April 25, 2018, 7:12 p.m."
14,https://dbdb.io/db/AlaSQL,"Last updated May 16, 2018, 6:31 p.m."
15,https://dbdb.io/db/Alenka,"Last updated April 25, 2018, 7:22 p.m."
16,https://dbdb.io/db/Algebraix,"Last updated June 3, 2018, 10:42 p.m."
17,https://dbdb.io/db/AllegroGraph,"Last updated Nov. 5, 2018, 9:09 p.m."
18,https://dbdb.io/db/Altibase,"Last updated June 3, 2018, 1:13 p.m."
19,https://dbdb.io/db/Amisa Server,"Last updated April 25, 2018, 7:47 p.m."
20,https://dbdb.io/db/Ancelus,"Last updated June 3, 2018, 12:26 p.m."
21,https://dbdb.io/db/AngstromDB,"Last updated June 3, 2018, 10:42 p.m."
22,https://dbdb.io/db/Antidote,"Last updated April 28, 2018, 7:54 a.m."
23,https://dbdb.io/db/AnzoGraph,"Last updated May 27, 2018, 9:48 p.m."
24,https://dbdb.io/db/AODBM,"Last updated June 3, 2018, 10:45 p.m."
25,https://dbdb.io/db/Apollo,"Last updated June 1, 2018, 9:21 p.m."
26,https://dbdb.io/db/ArangoDB,"Last updated Dec. 31, 2018, 9:42 p.m."
27,https://dbdb.io/db/Ardb,"Last updated June 8, 2018, 7:14 p.m."
28,https://dbdb.io/db/AresDB,"Last updated Jan. 29, 2019, 5:19 p.m."
29,https://dbdb.io/db/AsterixDB,"Last updated April 26, 2018, 8:22 p.m."
30,https://dbdb.io/db/AtomicDB,"Last updated April 23, 2018, 11:39 a.m."
31,https://dbdb.io/db/Aurora,"Last updated Nov. 5, 2018, 9:10 p.m."
32,https://dbdb.io/db/Axibase,"Last updated June 3, 2018, 10:51 p.m."
33,https://dbdb.io/db/Axion,"Last updated Nov. 29, 2018, 5:24 p.m."
34,https://dbdb.io/db/Azure SQL Database,"Last updated June 1, 2018, 9:16 p.m."
35,https://dbdb.io/db/BadgerDB,"Last updated Dec. 31, 2018, 5:15 p.m."
36,https://dbdb.io/db/Bagri,"Last updated June 3, 2018, 11:18 p.m."
37,https://dbdb.io/db/Baidu Tera,"Last updated Nov. 5, 2018, 9:15 p.m."
38,https://dbdb.io/db/BaikalDB,"Last updated Dec. 29, 2018, 10:34 p.m."
39,https://dbdb.io/db/BangDB,"Last updated June 6, 2018, 11:06 p.m."
40,https://dbdb.io/db/BaseX,"Last updated June 2, 2018, 10:11 p.m."
41,https://dbdb.io/db/BayesDB,"Last updated May 25, 2018, 10:54 p.m."
42,https://dbdb.io/db/Beagle SQL,"Last updated May 12, 2018, 1:40 p.m."
43,https://dbdb.io/db/Bedrock,"Last updated Aug. 15, 2018, 2:40 p.m."
44,https://dbdb.io/db/BergDB,"Last updated April 26, 2018, 7:02 p.m."
45,https://dbdb.io/db/Berkeley DB,"Last updated Nov. 5, 2018, 9:16 p.m."
46,https://dbdb.io/db/BigchainDB,"Last updated June 6, 2018, 10:51 p.m."
47,https://dbdb.io/db/BigQuery,"Last updated June 2, 2018, 10:12 p.m."
48,https://dbdb.io/db/BigTable,"Last updated June 2, 2018, 10:13 p.m."
49,https://dbdb.io/db/Bitsy,"Last updated June 7, 2018, 6:30 p.m."
50,https://dbdb.io/db/BitYota,"Last updated April 25, 2018, 8:27 p.m."
51,https://dbdb.io/db/BlackRay,"Last updated May 28, 2018, 11:13 a.m."
52,https://dbdb.io/db/Blazegraph,"Last updated Dec. 12, 2018, 11:56 p.m."
53,https://dbdb.io/db/BlazingSQL,"Last updated Dec. 12, 2018, 10:57 p.m."
54,https://dbdb.io/db/BlinkDB,"Last updated Dec. 31, 2018, 3:32 p.m."
55,https://dbdb.io/db/BlobCity,"Last updated Oct. 28, 2018, 5:04 p.m."
56,https://dbdb.io/db/Blueflood,"Last updated May 5, 2018, 10:17 p.m."
57,https://dbdb.io/db/BoJack,"Last updated Jan. 1, 2019, 12:17 a.m."
58,https://dbdb.io/db/BoltDB,"Last updated April 25, 2018, 8:52 p.m."
59,https://dbdb.io/db/BrightstarDB,"Last updated June 3, 2018, 2:11 p.m."
60,https://dbdb.io/db/Brytlyt,"Last updated Dec. 31, 2018, 5:05 p.m."
61,https://dbdb.io/db/Btrieve,"Last updated May 28, 2018, 10:45 p.m."
62,https://dbdb.io/db/Bubba,"Last updated June 8, 2018, 9:47 p.m."
63,https://dbdb.io/db/BuntDB,"Last updated July 7, 2018, 8:11 p.m."
64,https://dbdb.io/db/C-Store,"Last updated June 7, 2018, 6:58 a.m."
65,https://dbdb.io/db/c-treeACE,"Last updated June 7, 2018, 6:33 p.m."
66,https://dbdb.io/db/Caché,"Last updated May 28, 2018, 10:49 p.m."
67,https://dbdb.io/db/Calvin,"Last updated June 7, 2018, 7 a.m."
68,https://dbdb.io/db/Cassandra,"Last updated Nov. 5, 2018, 9:31 p.m."
69,https://dbdb.io/db/CastleDB,"Last updated July 17, 2018, 7:51 a.m."
70,https://dbdb.io/db/Cayley,"Last updated June 7, 2018, 6:42 p.m."
71,https://dbdb.io/db/Chronicle Map,"Last updated June 7, 2018, 6:48 p.m."
72,https://dbdb.io/db/Chronix,"Last updated May 31, 2018, 10:44 a.m."
73,https://dbdb.io/db/Citus,"Last updated Jan. 24, 2019, 1:27 p.m."
74,https://dbdb.io/db/ClearDB,"Last updated June 7, 2018, 6:56 p.m."
75,https://dbdb.io/db/ClickHouse,"Last updated Nov. 5, 2018, 9:38 p.m."
76,https://dbdb.io/db/Cloudant,"Last updated May 28, 2018, 10:55 p.m."
77,https://dbdb.io/db/CloudKit,"Last updated May 18, 2018, 7:13 a.m."
78,https://dbdb.io/db/CloudSearch,"Last updated June 8, 2018, 9:44 p.m."
79,https://dbdb.io/db/Clusterpoint,"Last updated May 29, 2018, 10:33 p.m."
80,https://dbdb.io/db/Clustrix,"Last updated Oct. 28, 2018, 5:28 p.m."
81,https://dbdb.io/db/CockroachDB,"Last updated Nov. 5, 2018, 9:38 p.m."
82,https://dbdb.io/db/CodernityDB,"Last updated April 25, 2018, 9:18 p.m."
83,https://dbdb.io/db/Coherence,"Last updated May 28, 2018, 11 p.m."
84,https://dbdb.io/db/Comdb2,"Last updated June 9, 2018, 12:08 p.m."
85,https://dbdb.io/db/Compass,"Last updated Dec. 12, 2018, 5:51 p.m."
86,https://dbdb.io/db/ConceptBase.cc,"Last updated June 9, 2018, 1:11 p.m."
87,https://dbdb.io/db/Concourse,"Last updated April 22, 2018, 11:48 a.m."
88,https://dbdb.io/db/ConfluxDB,"Last updated June 8, 2018, 9:55 p.m."
89,https://dbdb.io/db/Consus,"Last updated June 9, 2018, 1:19 p.m."
90,https://dbdb.io/db/Consus (Java),"Last updated June 9, 2018, 12:09 p.m."
91,https://dbdb.io/db/CORAL,"Last updated June 9, 2018, 12:12 p.m."
92,https://dbdb.io/db/CornerStone,"Last updated Dec. 12, 2018, 10:19 a.m."
93,https://dbdb.io/db/CortexDB,"Last updated June 9, 2018, 1:17 p.m."
94,https://dbdb.io/db/Cosmos DB,"Last updated May 28, 2018, 11:02 p.m."
95,https://dbdb.io/db/Couchbase,"Last updated Dec. 31, 2018, 5:34 p.m."
96,https://dbdb.io/db/CouchDB,"Last updated Dec. 8, 2018, 4:58 p.m."
97,https://dbdb.io/db/CovenantSQL,"Last updated March 1, 2019, 6:39 a.m."
98,https://dbdb.io/db/CQL++,"Last updated June 9, 2018, 12:17 p.m."
99,https://dbdb.io/db/CrateDB,"Last updated Feb. 26, 2019, 7:33 p.m."
100,https://dbdb.io/db/Crescando,"Last updated Aug. 3, 2018, 7:47 a.m."
101,https://dbdb.io/db/CrowdDB,"Last updated June 9, 2018, 10:42 p.m."
102,https://dbdb.io/db/CSQL,"Last updated June 9, 2018, 12:22 p.m."
103,https://dbdb.io/db/CubicWeb,"Last updated May 28, 2018, 11:09 p.m."
104,https://dbdb.io/db/Cubrick,"Last updated Jan. 11, 2019, 1:58 p.m."
105,https://dbdb.io/db/Cubrid,"Last updated Dec. 10, 2018, 2:46 p.m."
106,https://dbdb.io/db/D3,"Last updated May 28, 2018, 11:19 p.m."
107,https://dbdb.io/db/Daffodil DB,"Last updated May 12, 2018, 3:47 p.m."
108,https://dbdb.io/db/DaggerDB,"Last updated June 9, 2018, 12:27 p.m."
109,https://dbdb.io/db/DalmatinerDB,"Last updated June 9, 2018, 12:47 p.m."
110,https://dbdb.io/db/dashDB,"Last updated June 9, 2018, 12:48 p.m."
111,https://dbdb.io/db/DataBlitz,"Last updated Nov. 5, 2018, 9:02 p.m."
112,https://dbdb.io/db/DataEase,"Last updated May 28, 2018, 11:22 p.m."
113,https://dbdb.io/db/DATAllegro,"Last updated May 28, 2018, 11:23 p.m."
114,https://dbdb.io/db/Datameer,"Last updated May 16, 2018, 7:43 p.m."
115,https://dbdb.io/db/Datascope,"Last updated May 17, 2018, 8:05 p.m."
116,https://dbdb.io/db/DataScript,"Last updated June 7, 2018, 6:57 a.m."
117,https://dbdb.io/db/DataStax,"Last updated May 28, 2018, 11:24 p.m."
118,https://dbdb.io/db/Dataupia,"Last updated May 28, 2018, 11:26 p.m."
119,https://dbdb.io/db/Datomic,"Last updated Dec. 31, 2018, 9:49 p.m."
120,https://dbdb.io/db/Db2,"Last updated Jan. 8, 2019, 9:23 a.m."
121,https://dbdb.io/db/db4o,"Last updated May 29, 2018, 5:43 a.m."
122,https://dbdb.io/db/dBASE,"Last updated May 29, 2018, 5:47 a.m."
123,https://dbdb.io/db/DBIX,"Last updated May 17, 2018, 10:11 p.m."
124,https://dbdb.io/db/DBMaker,"Last updated June 9, 2018, 12:57 p.m."
125,https://dbdb.io/db/DeepDB,"Last updated Jan. 6, 2019, 12:10 p.m."
126,https://dbdb.io/db/DegDB,"Last updated May 28, 2018, 2:29 p.m."
127,https://dbdb.io/db/DensoDB,"Last updated May 16, 2018, 7:48 p.m."
128,https://dbdb.io/db/Derby,"Last updated Dec. 12, 2018, 9:12 a.m."
129,https://dbdb.io/db/DGraph,"Last updated June 2, 2018, 10:16 a.m."
130,https://dbdb.io/db/DIRECT,"Last updated June 8, 2018, 9:56 p.m."
131,https://dbdb.io/db/Djondb,"Last updated June 9, 2018, 1:03 p.m."
132,https://dbdb.io/db/Drizzle,"Last updated May 29, 2018, 5:52 a.m."
133,https://dbdb.io/db/Druid,"Last updated Nov. 5, 2018, 9:41 p.m."
134,https://dbdb.io/db/Dydra,"Last updated June 3, 2018, 8:27 p.m."
135,https://dbdb.io/db/DynamoDB,"Last updated Dec. 30, 2018, 9:55 a.m."
136,https://dbdb.io/db/DynomiteDB,"Last updated May 16, 2018, 8:04 p.m."
137,https://dbdb.io/db/EaseDB,"Last updated June 8, 2018, 10:01 p.m."
138,https://dbdb.io/db/EcoDB,"Last updated Dec. 29, 2018, 7:09 p.m."
139,https://dbdb.io/db/EDB Postgres Advanced Server,"Last updated June 9, 2018, 10:48 a.m."
140,https://dbdb.io/db/EdgeDB,"Last updated April 12, 2018, 7:41 p.m."
141,https://dbdb.io/db/Edis,"Last updated June 1, 2018, 11:25 p.m."
142,https://dbdb.io/db/Ehcache,"Last updated June 2, 2018, 10:43 p.m."
143,https://dbdb.io/db/EJDB,"Last updated May 16, 2018, 8:08 p.m."
144,https://dbdb.io/db/ElaSQL,"Last updated Dec. 31, 2018, 8:59 p.m."
145,https://dbdb.io/db/Elasticsearch,"Last updated May 29, 2018, 5:58 a.m."
146,https://dbdb.io/db/ElephantDB,"Last updated June 1, 2018, 11:10 p.m."
147,https://dbdb.io/db/ElevateDB,"Last updated June 9, 2018, 1:10 p.m."
148,https://dbdb.io/db/Elevator,"Last updated June 8, 2018, 12:56 p.m."
149,https://dbdb.io/db/EliasDB,"Last updated June 1, 2018, 10:44 p.m."
150,https://dbdb.io/db/Elliptics,"Last updated Dec. 31, 2018, 3:39 p.m."
151,https://dbdb.io/db/Eloquera,"Last updated June 9, 2018, 1:25 p.m."
152,https://dbdb.io/db/Empress,"Last updated May 29, 2018, 6 a.m."
153,https://dbdb.io/db/Encompass,"Last updated June 8, 2018, 10:27 p.m."
154,https://dbdb.io/db/Endeca,"Last updated May 29, 2018, 6:03 a.m."
155,https://dbdb.io/db/EnnoDB,"Last updated May 16, 2018, 8:18 p.m."
156,https://dbdb.io/db/EsgynDB,"Last updated Feb. 21, 2019, 3:26 p.m."
157,https://dbdb.io/db/Espresso,"Last updated June 8, 2018, 10:29 p.m."
158,https://dbdb.io/db/Essbase,"Last updated May 29, 2018, 6:03 a.m."
159,https://dbdb.io/db/etcd,"Last updated Dec. 31, 2018, 5:27 p.m."
160,https://dbdb.io/db/EVCache,"Last updated Jan. 17, 2019, 10:02 p.m."
161,https://dbdb.io/db/Event Store,"Last updated June 9, 2018, 1:28 p.m."
162,https://dbdb.io/db/EventQL,"Last updated June 1, 2018, 9:44 p.m."
163,https://dbdb.io/db/Exasol,"Last updated May 29, 2018, 6:04 a.m."
164,https://dbdb.io/db/eXist-db,"Last updated May 29, 2018, 6:04 a.m."
165,https://dbdb.io/db/Exorbyte,"Last updated May 29, 2018, 6:05 a.m."
166,https://dbdb.io/db/eXtremeDB,"Last updated Nov. 5, 2018, 9:06 p.m."
167,https://dbdb.io/db/Falcon,"Last updated June 3, 2018, 3 p.m."
168,https://dbdb.io/db/FastDB,"Last updated June 9, 2018, 1:32 p.m."
169,https://dbdb.io/db/FastObjects,"Last updated May 12, 2018, 4:29 p.m."
170,https://dbdb.io/db/FatDB,"Last updated April 21, 2018, 1:34 p.m."
171,https://dbdb.io/db/FathomDB,"Last updated June 8, 2018, 10:34 p.m."
172,https://dbdb.io/db/FaunaDB,"Last updated May 23, 2018, 7:24 p.m."
173,https://dbdb.io/db/FileDB,"Last updated June 9, 2018, 1:30 p.m."
174,https://dbdb.io/db/FileMaker,"Last updated Dec. 10, 2018, 1:07 a.m."
175,https://dbdb.io/db/FiloDB,"Last updated May 26, 2018, 8:50 a.m."
176,https://dbdb.io/db/FineDB,"Last updated May 17, 2018, 1:16 p.m."
177,https://dbdb.io/db/Firebird,"Last updated Nov. 6, 2018, 3:41 p.m."
178,https://dbdb.io/db/FirstSQL/J,"Last updated Dec. 12, 2018, 4:57 p.m."
179,https://dbdb.io/db/FleetDB,"Last updated May 16, 2018, 6:22 p.m."
180,https://dbdb.io/db/FlockDB,"Last updated June 2, 2018, 10:46 p.m."
181,https://dbdb.io/db/FlureeDB,"Last updated June 9, 2018, 1:35 p.m."
182,https://dbdb.io/db/ForestDB,"Last updated June 8, 2018, 10:40 p.m."
183,https://dbdb.io/db/FoundationDB,"Last updated Dec. 31, 2018, 5:37 p.m."
184,https://dbdb.io/db/FrontBase,"Last updated May 29, 2018, 6:11 a.m."
185,https://dbdb.io/db/FuelDB,"Last updated June 2, 2018, 10:26 p.m."
186,https://dbdb.io/db/Gadfly,"Last updated June 2, 2018, 10:52 p.m."
187,https://dbdb.io/db/Gaffer,"Last updated Aug. 4, 2018, 12:05 a.m."
188,https://dbdb.io/db/GemStone/S,"Last updated May 29, 2018, 6:12 a.m."
189,https://dbdb.io/db/GenieDB,"Last updated April 18, 2018, 9:50 a.m."
190,https://dbdb.io/db/Geode,"Last updated Dec. 31, 2018, 9:51 p.m."
191,https://dbdb.io/db/GlobalsDB,"Last updated April 26, 2018, 7:38 p.m."
192,https://dbdb.io/db/GNU SQL Server,"Last updated May 17, 2018, 9:16 p.m."
193,https://dbdb.io/db/GOLD STAR,"Last updated June 9, 2018, 9:02 a.m."
194,https://dbdb.io/db/Google F1,"Last updated Nov. 5, 2018, 9:39 p.m."
195,https://dbdb.io/db/GRACE,"Last updated May 16, 2018, 7:05 a.m."
196,https://dbdb.io/db/GraphDB,"Last updated Dec. 31, 2018, 5:01 p.m."
197,https://dbdb.io/db/GrapheneDB,"Last updated May 17, 2018, 11:07 p.m."
198,https://dbdb.io/db/Greenplum,"Last updated Nov. 5, 2018, 9:39 p.m."
199,https://dbdb.io/db/GridDB,"Last updated Dec. 12, 2018, 6:47 p.m."
200,https://dbdb.io/db/GridGain,"Last updated May 29, 2018, 6:16 a.m."
201,https://dbdb.io/db/GT.M,"Last updated June 2, 2018, 10:58 p.m."
202,https://dbdb.io/db/GUN,"Last updated Dec. 30, 2018, 9:25 a.m."
203,https://dbdb.io/db/H-Store,"Last updated June 2, 2018, 7:57 a.m."
204,https://dbdb.io/db/H2,"Last updated Dec. 12, 2018, 11:57 p.m."
205,https://dbdb.io/db/Hadapt,"Last updated June 1, 2018, 11:50 p.m."
206,https://dbdb.io/db/HanoiDB,"Last updated June 8, 2018, 10:43 p.m."
207,https://dbdb.io/db/HarperDB,"Last updated Oct. 28, 2018, 5:02 p.m."
208,https://dbdb.io/db/HBase,"Last updated Nov. 19, 2018, 9:06 a.m."
209,https://dbdb.io/db/Hekaton,"Last updated June 2, 2018, 11:04 p.m."
210,https://dbdb.io/db/Helium,"Last updated June 3, 2018, 8:09 p.m."
211,https://dbdb.io/db/HerdDB,"Last updated May 19, 2018, 12:42 p.m."
212,https://dbdb.io/db/Heroic,"Last updated June 8, 2018, 10:48 p.m."
213,https://dbdb.io/db/Hibari,"Last updated June 9, 2018, 8:12 a.m."
214,https://dbdb.io/db/Histore,"Last updated June 8, 2018, 9:17 a.m."
215,https://dbdb.io/db/Hive,"Last updated Nov. 5, 2018, 9:32 p.m."
216,https://dbdb.io/db/HyPer,"Last updated Nov. 5, 2018, 9:08 p.m."
217,https://dbdb.io/db/HyperDex,"Last updated June 9, 2018, 3:14 p.m."
218,https://dbdb.io/db/HyperGraphDB,"Last updated June 3, 2018, 10:07 p.m."
219,https://dbdb.io/db/HyperSQL,"Last updated June 2, 2018, 11:08 p.m."
220,https://dbdb.io/db/Hypertable,"Last updated Dec. 10, 2018, 9:32 p.m."
221,https://dbdb.io/db/Hyrise,"Last updated July 6, 2018, 8:51 a.m."
222,https://dbdb.io/db/iBoxDB,"Last updated June 9, 2018, 8:07 a.m."
223,https://dbdb.io/db/IDMS,"Last updated June 2, 2018, 11:12 p.m."
224,https://dbdb.io/db/Impala,"Last updated Nov. 5, 2018, 9:35 p.m."
225,https://dbdb.io/db/IMS,"Last updated June 2, 2018, 11:15 p.m."
226,https://dbdb.io/db/Indica,"Last updated May 29, 2018, 9:14 p.m."
227,https://dbdb.io/db/IndraDB,"Last updated Dec. 29, 2018, 7:57 p.m."
228,https://dbdb.io/db/InfiniDB,"Last updated Dec. 31, 2018, 5:09 p.m."
229,https://dbdb.io/db/Infinispan,"Last updated June 2, 2018, 11:18 p.m."
230,https://dbdb.io/db/InfiniSQL,"Last updated June 8, 2018, 8:34 a.m."
231,https://dbdb.io/db/InfiniteGraph,"Last updated June 3, 2018, 10:09 p.m."
232,https://dbdb.io/db/InfinityDB,"Last updated Dec. 30, 2018, 9:40 a.m."
233,https://dbdb.io/db/InfluxDB,"Last updated Dec. 14, 2018, 3:08 p.m."
234,https://dbdb.io/db/Infobright,"Last updated Nov. 5, 2018, 9:40 p.m."
235,https://dbdb.io/db/InfoFrame,"Last updated May 20, 2018, 8:36 a.m."
236,https://dbdb.io/db/InfoGrid,"Last updated June 9, 2018, 3:15 p.m."
237,https://dbdb.io/db/Informix,"Last updated June 2, 2018, 11:25 p.m."
238,https://dbdb.io/db/Ingres,"Last updated Dec. 9, 2018, 12:19 a.m."
239,https://dbdb.io/db/InMemory.Net,"Last updated June 3, 2018, 12:30 p.m."
240,https://dbdb.io/db/InstantDB,"Last updated May 12, 2018, 3:56 p.m."
241,https://dbdb.io/db/Integrated Data Store,"Last updated June 2, 2018, 11:27 p.m."
242,https://dbdb.io/db/InterBase,"Last updated Dec. 30, 2018, 9:27 a.m."
243,https://dbdb.io/db/IonDB,"Last updated April 26, 2018, 7:43 p.m."
244,https://dbdb.io/db/IQrypt,"Last updated May 17, 2018, 11:01 p.m."
245,https://dbdb.io/db/ITTIA DB SQL,"Last updated May 15, 2018, 10:54 p.m."
246,https://dbdb.io/db/Jackrabbit,"Last updated June 2, 2018, 11:28 p.m."
247,https://dbdb.io/db/Jade,"Last updated June 2, 2018, 11:29 p.m."
248,https://dbdb.io/db/Jaguar,"Last updated June 9, 2018, 3:20 p.m."
249,https://dbdb.io/db/JanusGraph,"Last updated Dec. 2, 2018, 5:09 p.m."
250,https://dbdb.io/db/JasDB,"Last updated May 23, 2018, 7:02 p.m."
251,https://dbdb.io/db/jBASE,"Last updated May 12, 2018, 10:20 p.m."
252,https://dbdb.io/db/Jena,"Last updated June 9, 2018, 11:21 a.m."
253,https://dbdb.io/db/jsonstore.io,"Last updated June 6, 2018, 10:52 p.m."
254,https://dbdb.io/db/Just Logic/SQL,"Last updated May 12, 2018, 5:57 p.m."
255,https://dbdb.io/db/JustOneDB,"Last updated July 27, 2018, 2:48 p.m."
256,https://dbdb.io/db/Kai,"Last updated May 18, 2018, 6:24 a.m."
257,https://dbdb.io/db/Kdb+,"Last updated Dec. 14, 2018, 4:21 p.m."
258,https://dbdb.io/db/Kerf,"Last updated June 9, 2018, 10:31 a.m."
259,https://dbdb.io/db/Kinetica,"Last updated Dec. 31, 2018, 9:37 p.m."
260,https://dbdb.io/db/Krati,"Last updated June 1, 2018, 11:41 p.m."
261,https://dbdb.io/db/Kubl,"Last updated Aug. 19, 2018, 9:50 a.m."
262,https://dbdb.io/db/Kudu,"Last updated Dec. 30, 2018, 9:29 a.m."
263,https://dbdb.io/db/kvdb.io,"Last updated June 1, 2018, 5:45 p.m."
264,https://dbdb.io/db/Kyoto Cabinet,"Last updated Dec. 11, 2018, 4:19 p.m."
265,https://dbdb.io/db/Lazer,"Last updated Jan. 1, 2019, 12:40 a.m."
266,https://dbdb.io/db/Lealone,"Last updated June 8, 2018, 7:04 p.m."
267,https://dbdb.io/db/LeanXcale,"Last updated June 8, 2018, 8:38 a.m."
268,https://dbdb.io/db/LEAP,"Last updated May 18, 2018, 9:26 p.m."
269,https://dbdb.io/db/LedisDB,"Last updated Dec. 31, 2018, 10:09 p.m."
270,https://dbdb.io/db/LevelDB,"Last updated Nov. 5, 2018, 9:26 p.m."
271,https://dbdb.io/db/Linter,"Last updated June 2, 2018, 11:34 p.m."
272,https://dbdb.io/db/LiteDB,"Last updated April 21, 2018, 11:41 p.m."
273,https://dbdb.io/db/LlamaDB,"Last updated May 16, 2018, 7:20 p.m."
274,https://dbdb.io/db/LMDB,"Last updated Nov. 5, 2018, 9:36 p.m."
275,https://dbdb.io/db/LocustDB,"Last updated Dec. 18, 2018, 9:26 p.m."
276,https://dbdb.io/db/LokiJS,"Last updated May 27, 2018, 9:13 p.m."
277,https://dbdb.io/db/Lovefield,"Last updated May 5, 2018, 9:40 p.m."
278,https://dbdb.io/db/LowDB,"Last updated May 26, 2018, 8:34 a.m."
279,https://dbdb.io/db/LucidDB,"Last updated Dec. 31, 2018, 4:53 p.m."
280,https://dbdb.io/db/madIS,"Last updated May 19, 2018, 1:07 p.m."
281,https://dbdb.io/db/Manhattan,"Last updated June 8, 2018, 11:07 p.m."
282,https://dbdb.io/db/MapDB,"Last updated June 8, 2018, 8:42 a.m."
283,https://dbdb.io/db/MariaDB,"Last updated June 3, 2018, 1:45 p.m."
284,https://dbdb.io/db/Mariposa,"Last updated Jan. 17, 2019, 10:15 p.m."
285,https://dbdb.io/db/MarkLogic,"Last updated June 2, 2018, 11:37 p.m."
286,https://dbdb.io/db/Matisse,"Last updated May 5, 2018, 10:07 p.m."
287,https://dbdb.io/db/MaxDB,"Last updated May 28, 2018, 10:19 p.m."
288,https://dbdb.io/db/mcdb,"Last updated June 1, 2018, 8:51 p.m."
289,https://dbdb.io/db/Mckoi SQL Database,"Last updated May 12, 2018, 12:02 p.m."
290,https://dbdb.io/db/MDBM,"Last updated June 9, 2018, 8:17 a.m."
291,https://dbdb.io/db/MDBMS,"Last updated May 18, 2018, 10:29 p.m."
292,https://dbdb.io/db/Memcached,"Last updated Nov. 5, 2018, 9:36 p.m."
293,https://dbdb.io/db/Memgraph,"Last updated Dec. 13, 2018, 6:54 a.m."
294,https://dbdb.io/db/MemSQL,"Last updated May 28, 2018, 10:04 p.m."
295,https://dbdb.io/db/Mentat,"Last updated May 28, 2018, 4:19 p.m."
296,https://dbdb.io/db/Microsoft SQL Server,"Last updated June 2, 2018, 11:38 p.m."
297,https://dbdb.io/db/Mimer SQL,"Last updated Dec. 31, 2018, 5:28 p.m."
298,https://dbdb.io/db/MLDB,"Last updated June 9, 2018, 8:56 a.m."
299,https://dbdb.io/db/Model 204,"Last updated June 9, 2018, 8:21 a.m."
300,https://dbdb.io/db/ModeShape,"Last updated June 9, 2018, 8:02 a.m."
301,https://dbdb.io/db/MonetDB,"Last updated June 2, 2018, 11:40 p.m."
302,https://dbdb.io/db/MongoDB,"Last updated Nov. 5, 2018, 9:03 p.m."
303,https://dbdb.io/db/mSQL,"Last updated May 28, 2018, 9:56 p.m."
304,https://dbdb.io/db/MUFFIN,"Last updated May 19, 2018, 11:07 p.m."
305,https://dbdb.io/db/Mulgara,"Last updated June 3, 2018, 10:11 p.m."
306,https://dbdb.io/db/MySQL,"Last updated Dec. 31, 2018, 4:51 p.m."
307,https://dbdb.io/db/Nanolat,"Last updated Dec. 29, 2018, 6:33 p.m."
308,https://dbdb.io/db/NavDB,"Last updated Jan. 19, 2019, 7:54 a.m."
309,https://dbdb.io/db/NeDB,"Last updated May 16, 2018, 8:36 p.m."
310,https://dbdb.io/db/Neo4j,"Last updated Nov. 5, 2018, 9:22 p.m."
311,https://dbdb.io/db/NeoDatis ODB,"Last updated May 19, 2018, 8:01 p.m."
312,https://dbdb.io/db/Neoview,"Last updated June 2, 2018, 11:43 p.m."
313,https://dbdb.io/db/Netezza,"Last updated June 3, 2018, 1:40 p.m."
314,https://dbdb.io/db/NexusDB,"Last updated June 2, 2018, 11:44 p.m."
315,https://dbdb.io/db/Nitrite,"Last updated Dec. 29, 2018, 7:40 p.m."
316,https://dbdb.io/db/Noms,"Last updated May 16, 2018, 8:12 p.m."
317,https://dbdb.io/db/NonStop SQL,"Last updated June 2, 2018, 11:44 p.m."
318,https://dbdb.io/db/NosDB,"Last updated April 22, 2018, 12:15 p.m."
319,https://dbdb.io/db/NuDB,"Last updated May 16, 2018, 7:15 p.m."
320,https://dbdb.io/db/NuoDB,"Last updated Nov. 5, 2018, 9:24 p.m."
321,https://dbdb.io/db/ObjectBox,"Last updated May 16, 2018, 8:41 p.m."
322,https://dbdb.io/db/ObjectDatabase++,"Last updated May 19, 2018, 8:15 p.m."
323,https://dbdb.io/db/ObjectDB,"Last updated June 2, 2018, 11:45 p.m."
324,https://dbdb.io/db/Objectivity/DB,"Last updated June 2, 2018, 11:45 p.m."
325,https://dbdb.io/db/ObjectStore,"Last updated June 8, 2018, 10:54 p.m."
326,https://dbdb.io/db/Ocelot,"Last updated May 15, 2018, 9:36 p.m."
327,https://dbdb.io/db/OctopusDB,"Last updated Sept. 21, 2018, 12:02 p.m."
328,https://dbdb.io/db/OmniSci,"Last updated Oct. 3, 2018, 9:23 a.m."
329,https://dbdb.io/db/OpenBase SQL,"Last updated June 3, 2018, 7:14 a.m."
330,https://dbdb.io/db/OpenEdge,"Last updated June 8, 2018, 10:57 p.m."
331,https://dbdb.io/db/OpenQM,"Last updated June 3, 2018, 7:15 a.m."
332,https://dbdb.io/db/OpenTSDB,"Last updated June 9, 2018, 8:50 a.m."
333,https://dbdb.io/db/Oracle NoSQL,"Last updated June 3, 2018, 7:16 a.m."
334,https://dbdb.io/db/Oracle RDBMS,"Last updated Dec. 31, 2018, 4:55 p.m."
335,https://dbdb.io/db/OrbitDB,"Last updated June 6, 2018, 11:33 p.m."
336,https://dbdb.io/db/OrientDB,"Last updated Dec. 12, 2018, 10:17 a.m."
337,https://dbdb.io/db/OrigoDB,"Last updated June 9, 2018, 7:48 a.m."
338,https://dbdb.io/db/Ovrimos,"Last updated May 15, 2018, 11:10 a.m."
339,https://dbdb.io/db/P*TIME,"Last updated June 9, 2018, 10:22 a.m."
340,https://dbdb.io/db/PalDB,"Last updated May 16, 2018, 7:01 p.m."
341,https://dbdb.io/db/Paper,"Last updated June 6, 2018, 10:44 p.m."
342,https://dbdb.io/db/ParAccel,"Last updated June 8, 2018, 11:08 p.m."
343,https://dbdb.io/db/Paradise,"Last updated May 19, 2018, 12:35 p.m."
344,https://dbdb.io/db/Paradox,"Last updated June 3, 2018, 7:46 a.m."
345,https://dbdb.io/db/PearlDB,"Last updated May 17, 2018, 10:52 p.m."
346,https://dbdb.io/db/Percona Server,"Last updated June 9, 2018, 10:35 a.m."
347,https://dbdb.io/db/Perst,"Last updated June 3, 2018, 7:47 a.m."
348,https://dbdb.io/db/Pervasive PSQL,"Last updated June 9, 2018, 9:05 a.m."
349,https://dbdb.io/db/Peterlee Relational Test Vehicle,"Last updated June 3, 2018, 7:49 a.m."
350,https://dbdb.io/db/Pika,"Last updated Aug. 31, 2018, 2:01 p.m."
351,https://dbdb.io/db/piladb,"Last updated June 8, 2018, 11:11 p.m."
352,https://dbdb.io/db/Pinot,"Last updated Jan. 17, 2019, 10:39 p.m."
353,https://dbdb.io/db/PNUTS,"Last updated June 8, 2018, 10:58 p.m."
354,https://dbdb.io/db/pocketSQL,"Last updated May 15, 2018, 9:30 p.m."
355,https://dbdb.io/db/PointBase,"Last updated June 3, 2018, 7:49 a.m."
356,https://dbdb.io/db/Polyhedra,"Last updated June 3, 2018, 7:50 a.m."
357,https://dbdb.io/db/PostgreSQL,"Last updated Nov. 25, 2018, 3:42 p.m."
358,https://dbdb.io/db/PouchDB,"Last updated Dec. 4, 2018, 12:13 p.m."
359,https://dbdb.io/db/Presto,"Last updated Dec. 12, 2018, 9:54 p.m."
360,https://dbdb.io/db/PRISMA,"Last updated May 28, 2018, 11:09 a.m."
361,https://dbdb.io/db/Prometheus,"Last updated Dec. 30, 2018, 9:43 a.m."
362,https://dbdb.io/db/PumpkinDB,"Last updated Dec. 30, 2018, 10:04 a.m."
363,https://dbdb.io/db/Qserv,"Last updated June 1, 2018, 9:11 p.m."
364,https://dbdb.io/db/Quadcap Embeddable Database,"Last updated June 9, 2018, 10:55 a.m."
365,https://dbdb.io/db/quasardb,"Last updated May 15, 2018, 11:56 p.m."
366,https://dbdb.io/db/QuestDB,"Last updated June 9, 2018, 8:25 a.m."
367,https://dbdb.io/db/QuineDB,"Last updated April 25, 2018, 10:04 p.m."
368,https://dbdb.io/db/R:BASE,"Last updated June 3, 2018, 7:52 a.m."
369,https://dbdb.io/db/RadonDB,"Last updated June 8, 2018, 9:13 a.m."
370,https://dbdb.io/db/Raima Database Manager,"Last updated Dec. 3, 2018, 4:32 a.m."
371,https://dbdb.io/db/RainStor,"Last updated June 9, 2018, 8:57 a.m."
372,https://dbdb.io/db/Rdb/VMS,"Last updated June 3, 2018, 7:54 a.m."
373,https://dbdb.io/db/RDBMS,"Last updated May 17, 2018, 3:47 p.m."
374,https://dbdb.io/db/Reality,"Last updated June 3, 2018, 7:54 a.m."
375,https://dbdb.io/db/Realm,"Last updated Dec. 30, 2018, 10 a.m."
376,https://dbdb.io/db/Red Brick,"Last updated May 15, 2018, 10:11 p.m."
377,https://dbdb.io/db/Redis,"Last updated June 8, 2018, 7:16 p.m."
378,https://dbdb.io/db/Redshift,"Last updated Dec. 12, 2018, 1:10 a.m."
379,https://dbdb.io/db/Rel,"Last updated Dec. 12, 2018, 1:22 a.m."
380,https://dbdb.io/db/RelationalCloud,"Last updated April 28, 2018, 3:26 p.m."
381,https://dbdb.io/db/Relaxo,"Last updated Jan. 1, 2019, 12:29 a.m."
382,https://dbdb.io/db/Resin Cache,"Last updated June 3, 2018, 7:58 a.m."
383,https://dbdb.io/db/RethinkDB,"Last updated Dec. 31, 2018, 9:32 p.m."
384,https://dbdb.io/db/RexDB,"Last updated June 8, 2018, 11 p.m."
385,https://dbdb.io/db/Riak,"Last updated June 3, 2018, 7:59 a.m."
386,https://dbdb.io/db/RocksDB,"Last updated Nov. 5, 2018, 9:25 p.m."
387,https://dbdb.io/db/RubatoDB,"Last updated April 26, 2018, 11:06 p.m."
388,https://dbdb.io/db/SAP HANA,"Last updated Nov. 5, 2018, 9:27 p.m."
389,https://dbdb.io/db/ScaleBase,"Last updated May 19, 2018, 11:02 p.m."
390,https://dbdb.io/db/ScaleDB,"Last updated May 19, 2018, 11:05 p.m."
391,https://dbdb.io/db/ScaleOut StateServer,"Last updated June 9, 2018, 10:42 a.m."
392,https://dbdb.io/db/SciDB,"Last updated June 3, 2018, 8:02 a.m."
393,https://dbdb.io/db/ScimoreDB,"Last updated May 28, 2018, 11:18 a.m."
394,https://dbdb.io/db/Scylla,"Last updated Dec. 31, 2018, 3:53 p.m."
395,https://dbdb.io/db/SearchBlox,"Last updated June 9, 2018, 11:33 a.m."
396,https://dbdb.io/db/SenseiDB,"Last updated Dec. 10, 2018, 12:49 p.m."
397,https://dbdb.io/db/Sequins,"Last updated May 12, 2018, 10:59 p.m."
398,https://dbdb.io/db/SequoiaDB,"Last updated June 26, 2018, 8:25 a.m."
399,https://dbdb.io/db/Serenity,"Last updated July 25, 2018, 9:22 p.m."
400,https://dbdb.io/db/Sesame,"Last updated June 3, 2018, 9:53 p.m."
401,https://dbdb.io/db/ShareBase,"Last updated June 3, 2018, 8:04 a.m."
402,https://dbdb.io/db/SharedDB,"Last updated June 9, 2018, 8:40 a.m."
403,https://dbdb.io/db/Shore-MT,"Last updated April 27, 2018, 10:54 p.m."
404,https://dbdb.io/db/Silo,"Last updated Nov. 5, 2018, 9:19 p.m."
405,https://dbdb.io/db/SimpleDB,"Last updated Nov. 5, 2018, 9:33 p.m."
406,https://dbdb.io/db/SirixDB,"Last updated Jan. 1, 2019, 1:26 p.m."
407,https://dbdb.io/db/SkeletonDB,"Last updated May 28, 2018, 2:23 p.m."
408,https://dbdb.io/db/SkyDB,"Last updated May 24, 2018, 5:41 a.m."
409,https://dbdb.io/db/Sled,"Last updated May 28, 2018, 2:19 p.m."
410,https://dbdb.io/db/SleekDB,"Last updated Dec. 29, 2018, 7:25 p.m."
411,https://dbdb.io/db/SlicingDice,"Last updated Aug. 6, 2018, 5:15 p.m."
412,https://dbdb.io/db/Slumber DB,"Last updated May 17, 2018, 10:48 p.m."
413,https://dbdb.io/db/SmallSQL,"Last updated Dec. 31, 2018, 5:23 p.m."
414,https://dbdb.io/db/Snowflake,"Last updated Nov. 19, 2018, 9:10 a.m."
415,https://dbdb.io/db/solidDB,"Last updated June 3, 2018, 8:07 a.m."
416,https://dbdb.io/db/Solr,"Last updated Nov. 5, 2018, 9:24 p.m."
417,https://dbdb.io/db/sones GraphDB,"Last updated June 3, 2018, 8:08 a.m."
418,https://dbdb.io/db/Spanner,"Last updated Aug. 13, 2018, 1:01 p.m."
419,https://dbdb.io/db/Spark SQL,"Last updated Nov. 5, 2018, 9:42 p.m."
420,https://dbdb.io/db/Sparksee,"Last updated June 3, 2018, 10:01 p.m."
421,https://dbdb.io/db/Sphinx,"Last updated Dec. 3, 2018, 4:03 p.m."
422,https://dbdb.io/db/Splice Machine,"Last updated July 29, 2018, 10:14 a.m."
423,https://dbdb.io/db/Splunk,"Last updated Dec. 31, 2018, 4:50 p.m."
424,https://dbdb.io/db/SQL Anywhere,"Last updated June 3, 2018, 8:12 a.m."
425,https://dbdb.io/db/SQL/DS,"Last updated June 3, 2018, 8:12 a.m."
426,https://dbdb.io/db/SQLBase,"Last updated June 3, 2018, 8:13 a.m."
427,https://dbdb.io/db/SQLite,"Last updated June 3, 2018, 1:44 p.m."
428,https://dbdb.io/db/SQream,"Last updated Oct. 4, 2018, 10:44 a.m."
429,https://dbdb.io/db/Sqrrl,"Last updated Dec. 12, 2018, 11 p.m."
430,https://dbdb.io/db/SRCH²,"Last updated June 9, 2018, 11:30 a.m."
431,https://dbdb.io/db/SSDB,"Last updated May 15, 2018, 9:47 p.m."
432,https://dbdb.io/db/Starcounter,"Last updated June 3, 2018, 8:16 a.m."
433,https://dbdb.io/db/Stardog,"Last updated June 3, 2018, 8:20 p.m."
434,https://dbdb.io/db/Stig,"Last updated Jan. 18, 2019, 11:41 a.m."
435,https://dbdb.io/db/Strabon,"Last updated June 3, 2018, 9:52 p.m."
436,https://dbdb.io/db/Strozzi NoSQL,"Last updated June 3, 2018, 8:17 a.m."
437,https://dbdb.io/db/STSdb,"Last updated May 15, 2018, 10:35 p.m."
438,https://dbdb.io/db/SummitDB,"Last updated May 15, 2018, 10:25 p.m."
439,https://dbdb.io/db/Superbase,"Last updated Jan. 17, 2019, 9:56 p.m."
440,https://dbdb.io/db/SUPRA Server SQL,"Last updated May 24, 2018, 5:11 a.m."
441,https://dbdb.io/db/Sybase Advantage Database Server,"Last updated June 3, 2018, 8:18 a.m."
442,https://dbdb.io/db/Sybase IQ,"Last updated June 3, 2018, 8:19 a.m."
443,https://dbdb.io/db/SylvaDB,"Last updated May 29, 2018, 11:12 p.m."
444,https://dbdb.io/db/System G,"Last updated May 28, 2018, 10:35 a.m."
445,https://dbdb.io/db/System R,"Last updated June 3, 2018, 8:20 a.m."
446,https://dbdb.io/db/Tajo,"Last updated June 9, 2018, 10:59 a.m."
447,https://dbdb.io/db/Tamino,"Last updated June 9, 2018, 11:12 a.m."
448,https://dbdb.io/db/Tarantool,"Last updated Dec. 31, 2018, 10:07 p.m."
449,https://dbdb.io/db/Tdbengine,"Last updated May 12, 2018, 5:16 p.m."
450,https://dbdb.io/db/Teradata,"Last updated June 3, 2018, 8:22 a.m."
451,https://dbdb.io/db/Teradata Aster,"Last updated Oct. 18, 2018, 10:44 a.m."
452,https://dbdb.io/db/Terrastore,"Last updated May 15, 2018, 10:50 p.m."
453,https://dbdb.io/db/ThruDB,"Last updated May 1, 2018, 2:18 p.m."
454,https://dbdb.io/db/Tibero,"Last updated June 14, 2018, 10:13 a.m."
455,https://dbdb.io/db/TiDB,"Last updated Nov. 5, 2018, 9:32 p.m."
456,https://dbdb.io/db/tiedot,"Last updated May 29, 2018, 6:03 p.m."
457,https://dbdb.io/db/TigerGraph,"Last updated Dec. 29, 2018, 11:27 p.m."
458,https://dbdb.io/db/TiKV,"Last updated Nov. 5, 2018, 9:37 p.m."
459,https://dbdb.io/db/Tile38,"Last updated July 17, 2018, 7:21 a.m."
460,https://dbdb.io/db/TileDB,"Last updated Dec. 12, 2018, 11:47 p.m."
461,https://dbdb.io/db/TimescaleDB,"Last updated June 8, 2018, 11:07 p.m."
462,https://dbdb.io/db/TimesTen,"Last updated Dec. 31, 2018, 9:56 p.m."
463,https://dbdb.io/db/tinySQL,"Last updated May 12, 2018, 3:51 p.m."
464,https://dbdb.io/db/Titan,"Last updated Nov. 25, 2018, 11:08 a.m."
465,https://dbdb.io/db/Tokyo Cabinet,"Last updated Dec. 31, 2018, 10:04 p.m."
466,https://dbdb.io/db/TomP2P,"Last updated June 3, 2018, 8:26 a.m."
467,https://dbdb.io/db/Trafodion,"Last updated Dec. 11, 2018, 5:12 p.m."
468,https://dbdb.io/db/TrailDB,"Last updated Dec. 31, 2018, 9:30 p.m."
469,https://dbdb.io/db/Transbase,"Last updated June 8, 2018, 7:24 p.m."
470,https://dbdb.io/db/TransLattice,"Last updated June 3, 2018, 8:29 a.m."
471,https://dbdb.io/db/TreodeDB,"Last updated June 1, 2018, 10:38 p.m."
472,https://dbdb.io/db/Trousseau,"Last updated June 8, 2018, 9:25 a.m."
473,https://dbdb.io/db/Truviso,"Last updated June 3, 2018, 11 p.m."
474,https://dbdb.io/db/TurboImage,"Last updated June 3, 2018, 8:29 a.m."
475,https://dbdb.io/db/Twig,"Last updated June 8, 2018, 11:06 p.m."
476,https://dbdb.io/db/Typhoon,"Last updated May 17, 2018, 8:40 p.m."
477,https://dbdb.io/db/Ultralite,"Last updated June 9, 2018, 3:04 p.m."
478,https://dbdb.io/db/UniSQL,"Last updated May 19, 2018, 7:36 p.m."
479,https://dbdb.io/db/UniVerse,"Last updated June 9, 2018, 8:47 a.m."
480,https://dbdb.io/db/upscaledb,"Last updated April 25, 2018, 9:47 p.m."
481,https://dbdb.io/db/Valentina Server,"Last updated May 19, 2018, 9:33 p.m."
482,https://dbdb.io/db/VanillaDB,"Last updated Dec. 31, 2018, 9:08 p.m."
483,https://dbdb.io/db/Vedis,"Last updated May 20, 2018, 8:58 a.m."
484,https://dbdb.io/db/VelocityDB,"Last updated May 22, 2018, 10:15 p.m."
485,https://dbdb.io/db/Versant Object Database,"Last updated June 9, 2018, 8:28 a.m."
486,https://dbdb.io/db/Vertica,"Last updated Dec. 30, 2018, 9:51 a.m."
487,https://dbdb.io/db/Virtuoso,"Last updated June 3, 2018, 8:35 a.m."
488,https://dbdb.io/db/Vitesse DB,"Last updated June 10, 2018, 10 p.m."
489,https://dbdb.io/db/ViyaDB,"Last updated June 9, 2018, 8:30 a.m."
490,https://dbdb.io/db/Voldemort,"Last updated June 3, 2018, 8:36 a.m."
491,https://dbdb.io/db/VoltDB,"Last updated Aug. 6, 2018, 2:57 p.m."
492,https://dbdb.io/db/VulcanDB,"Last updated June 9, 2018, 8:34 a.m."
493,https://dbdb.io/db/WakandaDB,"Last updated June 3, 2018, 8:39 a.m."
494,https://dbdb.io/db/WebScaleSQL,"Last updated June 3, 2018, 8:39 a.m."
495,https://dbdb.io/db/WhiteDB,"Last updated Oct. 28, 2018, 5 p.m."
496,https://dbdb.io/db/WiredTiger,"Last updated July 6, 2018, 8:54 a.m."
497,https://dbdb.io/db/XAP,"Last updated Dec. 12, 2018, 7:55 p.m."
498,https://dbdb.io/db/XDB Enterprise Server,"Last updated June 3, 2018, 8:43 a.m."
499,https://dbdb.io/db/Xeround,"Last updated June 3, 2018, 8:48 a.m."
500,https://dbdb.io/db/XPRS,"Last updated June 9, 2018, 8:36 a.m."
501,https://dbdb.io/db/YARD-SQL,"Last updated May 12, 2018, 9:32 p.m."
502,https://dbdb.io/db/YugaByte DB,"Last updated Dec. 30, 2018, 9:32 a.m."
503,https://dbdb.io/db/ZeroDB,"Last updated May 16, 2018, 4:10 p.m."
504,https://dbdb.io/db/ZODB,"Last updated June 3, 2018, 8:48 a.m."
